"DIAG_PRINC","n","CLASSIF","RESTRSEXO","CAUSAOBITO","DESCRICAO","DESCRABREV","REFER","EXCLUIDOS","...9"
"J180",513,NA,NA,NA,"Broncopneumonia não especificada","J18.0 Broncopneumonia NE",NA,NA,NA
"P969",283,NA,NA,NA,"Afecções originadas no período perinatal não especificadas","P96.9 Afeccoes originadas no periodo perinatal NE",NA,NA,NA
"J189",262,NA,NA,NA,"Pneumonia não especificada","J18.9 Pneumonia NE",NA,NA,NA
"J219",218,NA,NA,NA,"Bronquite aguda não especificada","J21.9 Bronquite aguda NE",NA,NA,NA
"P229",177,NA,NA,NA,"Desconforto respiratório não especificado do recém-nascido","P22.9 Desconforto respirat NE do recem-nascido",NA,NA,NA
"P599",171,NA,NA,NA,"Icterícia neonatal não especificada","P59.9 Ictericia neonatal NE",NA,NA,NA
"P073",157,NA,NA,NA,"Outros recém-nascidos de pré-termo","P07.3 Outr recem-nascidos de pre-termo",NA,NA,NA
"N390",91,NA,NA,NA,"Infecção do trato urinário de localização não especificada","N39.0 Infecc do trato urinario de localiz NE",NA,NA,NA
"N47",86,NA,"M","N","Hipertrofia do prepúcio, fimose e parafimose","N47   Hipertrofia do prepucio fimose e parafimose",NA,NA,NA
"P968",78,NA,NA,NA,"Outras afecções especificadas originadas no período perinatal","P96.8 Outr afeccoes espec orig periodo perinatal",NA,NA,NA
"K429",77,NA,NA,NA,"Hérnia umbilical sem obstrução ou gangrena","K42.9 Hernia umbilical s/obstrucao ou gangrena",NA,NA,NA
"A09",58,NA,NA,NA,"Diarréia e gastroenterite de origem infecciosa presumível","A09   Diarreia e gastroenterite orig infecc presum",NA,NA,NA
"P228",47,NA,NA,NA,"Outros desconfortos respiratórios do recém-nascido","P22.8 Outr desconfortos respirat do recem-nascido",NA,NA,NA
"P051",46,NA,NA,NA,"Pequeno para a idade gestacional","P05.1 Pequeno p/a idade gestacional",NA,NA,NA
"J353",44,NA,NA,"N","Hipertrofia das amígdalas com hipertrofia das adenóides","J35.3 Hipertrofia amigdalas c/hipertrof adenoides",NA,NA,NA
"J459",44,NA,NA,NA,"Asma não especificada","J45.9 Asma NE",NA,NA,NA
"S068",40,NA,NA,NA,"Outros traumatismos intracranianos","S06.8 Outr traum intracranianos",NA,NA,NA
"K409",39,NA,NA,NA,"Hérnia inguinal unilateral ou não especificada, sem obstrução ou gangrena","K40.9 Hernia inguinal unilat NE s/obstr gangrena",NA,NA,NA
"P220",32,NA,NA,NA,"Síndrome da angústia respiratória do recém-nascido","P22.0 Sindr da angustia respirat do recem-nascido",NA,NA,NA
"J068",31,NA,NA,"N","Outras infecções agudas das vias aéreas superiores de localizações múltiplas","J06.8 Outr infecc agudas vias aereas sup loc mult",NA,NA,NA
"J159",30,NA,NA,NA,"Pneumonia bacteriana não especificada","J15.9 Pneumonia bacter NE",NA,NA,NA
"G409",28,NA,NA,NA,"Epilepsia, não especificada","G40.9 Epilepsia NE",NA,NA,NA
"Q531",24,NA,"M",NA,"Testículo não-descido, unilateral","Q53.1 Testiculo nao-descido unilateral",NA,NA,NA
"J218",22,NA,NA,NA,"Bronquiolite aguda devida a outros microorganismos especificados","J21.8 Bronquiolite aguda dev outr microorg espec",NA,NA,NA
"K402",22,NA,NA,NA,"Hérnia inguinal bilateral, sem obstrução ou gangrena","K40.2 Hernia inguinal bilat s/obstr ou gangrena",NA,NA,NA
"P050",22,NA,NA,NA,"Recém-nascido de baixo peso para a idade gestacional","P05.0 Recem-nascido de baixo peso p/a idade gestac",NA,NA,NA
"A419",21,NA,NA,NA,"Septicemia não especificada","A41.9 Septicemia NE",NA,NA,NA
"A499",21,NA,NA,NA,"Infecção bacteriana não especificada","A49.9 Infecc bacter NE",NA,NA,NA
"B018",21,NA,NA,NA,"Varicela com outras complicações","B01.8 Varicela c/outr complic",NA,NA,NA
"P369",20,NA,NA,NA,"Septicemia bacteriana não especificada do recém-nascido","P36.9 Septicemia bacter NE do recem-nascido",NA,NA,NA
"H652",17,NA,NA,NA,"Otite média serosa crônica","H65.2 Otite media serosa cronica",NA,NA,NA
"J210",17,NA,NA,NA,"Bronquiolite aguda devida a vírus sincicial respiratório","J21.0 Bronquiolite aguda dev virus sincicial resp",NA,NA,NA
"P399",16,NA,NA,NA,"Infecção própria do período perinatal não especificada","P39.9 Infecc propria do periodo perinatal NE",NA,NA,NA
"S424",16,NA,NA,NA,"Fratura da extremidade inferior do úmero","S42.4 Frat da extremidade infer do umero",NA,NA,NA
"S723",16,NA,NA,NA,"Fratura da diáfise do fêmur","S72.3 Frat da diafise do femur",NA,NA,NA
"P219",15,NA,NA,NA,"Asfixia ao nascer, não especificada","P21.9 Asfixia ao nascer NE",NA,NA,NA
"A415",14,NA,NA,NA,"Septicemia por outros microorganismos gram-negativos","A41.5 Septicemia p/outr microorg gram-negativos",NA,NA,NA
"K359",14,NA,NA,NA,"Apendicite aguda sem outra especificação","K35.9 Apendicite aguda SOE",NA,NA,NA
"D570",13,NA,NA,NA,"Anemia falciforme com crise","D57.0 Anemia falciforme c/crise",NA,NA,NA
"K439",12,NA,NA,NA,"Hérnia ventral sem obstrução ou gangrena","K43.9 Hernia ventral s/obstrucao ou gangrena",NA,NA,NA
"L032",12,NA,NA,NA,"Celulite da face","L03.2 Celulite da face",NA,NA,NA
"P071",12,NA,NA,NA,"Outros recém-nascidos de peso baixo","P07.1 Outr recem-nascidos de peso baixo",NA,NA,NA
"L500",10,NA,NA,NA,"Urticária alérgica","L50.0 Urticaria alergica",NA,NA,NA
"Q668",10,NA,NA,"N","Outras deformidades congênitas do pé","Q66.8 Outr deform congen do pe",NA,NA,NA
"A509",9,NA,NA,NA,"Sífilis congênita não especificada","A50.9 Sifilis congen NE",NA,NA,NA
"G919",9,NA,NA,NA,"Hidrocefalia não especificada","G91.9 Hidrocefalia NE",NA,NA,NA
"C920",8,NA,NA,NA,"Leucemia mielóide aguda","C92.0 Leucemia mieloide aguda",NA,NA,NA
"J040",8,NA,NA,NA,"Laringite aguda","J04.0 Laringite aguda",NA,NA,NA
"J36",8,NA,NA,NA,"Abscesso periamigdaliano","J36   Abscesso periamigdaliano",NA,NA,NA
"L031",8,NA,NA,NA,"Celulite de outras partes do(s) membro(s)","L03.1 Celulite de outr partes de membros",NA,NA,NA
"N433",8,NA,"M",NA,"Hidrocele não especificada","N43.3 Hidrocele NE",NA,NA,NA
"P299",8,NA,NA,NA,"Transtornos cardiovasculares não especificados originados no período perinatal","P29.9 Transt cardiovasc NE orig periodo perinatal",NA,NA,NA
"Q210",8,NA,NA,NA,"Comunicação interventricular","Q21.0 Comunicacao interventricular",NA,NA,NA
"A085",7,NA,NA,NA,"Outras infecções intestinais especificadas","A08.5 Outr infecc intestinais espec",NA,NA,NA
"A879",7,NA,NA,NA,"Meningite viral não especificada","A87.9 Meningite viral NE",NA,NA,NA
"C910",7,NA,NA,NA,"Leucemia linfoblástica aguda","C91.0 Leucemia linfoblastica aguda",NA,NA,NA
"P221",7,NA,NA,NA,"Taquipnéia transitória do recém-nascido","P22.1 Taquipneia transitoria do recem-nascido",NA,NA,NA
"P289",7,NA,NA,NA,"Afecção respiratória do recém-nascido, não especificada","P28.9 Afeccao respirat do recem-nascido NE",NA,NA,NA
"A370",6,NA,NA,NA,"Coqueluche por Bordetella pertussis","A37.0 Coqueluche p/Bordetella pertussis",NA,NA,NA
"G608",6,NA,NA,NA,"Outras neuropatias hereditárias e idiopáticas","G60.8 Outr neuropatias hereditarias e idiopaticas",NA,NA,NA
"J449",6,NA,NA,NA,"Doença pulmonar obstrutiva crônica não especificada","J44.9 Doenc pulmonar obstrutiva cronica NE",NA,NA,NA
"J960",6,NA,NA,NA,"Insuficiência respiratória aguda","J96.0 Insuf respirat aguda",NA,NA,NA
"K122",6,NA,NA,NA,"Celulite e abscesso da boca","K12.2 Celulite e abscesso da boca",NA,NA,NA
"K929",6,NA,NA,NA,"Doença do aparelho digestivo, sem outra especificação","K92.9 Doenc do aparelho digestivo SOE",NA,NA,NA
"L010",6,NA,NA,"N","Impetigo [qualquer localização] [qualquer microorganismo]","L01.0 Impetigo",NA,NA,NA
"L029",6,NA,NA,NA,"Abscesso cutâneo, furúnculo e antraz de localização não especificada","L02.9 Abscesso cutaneo furunculo e antraz loc NE",NA,NA,NA
"P704",6,NA,NA,NA,"Outras hipoglicemias neonatais","P70.4 Outr hipoglicemias neonatais",NA,NA,NA
"Q181",6,NA,NA,"N","Seio, fístula e cisto pré-auricular","Q18.1 Seio fistula e cisto pre-auricular",NA,NA,NA
"Q379",6,NA,NA,NA,"Fenda do palato com fenda labial unilateral, não especificada","Q37.9 Fenda do palato c/fenda labial unilateral NE",NA,NA,NA
"Q549",6,NA,"M",NA,"Hipospádia não especificada","Q54.9 Hipospadia NE",NA,NA,NA
"R509",6,NA,NA,NA,"Febre não especificada","R50.9 Febre NE",NA,NA,NA
"A379",5,NA,NA,NA,"Coqueluche não especificada","A37.9 Coqueluche NE",NA,NA,NA
"D693",5,NA,NA,NA,"Púrpura trombocitopênica idiopática","D69.3 Purpura trombocitopenica idiopatica",NA,NA,NA
"H508",5,NA,NA,"N","Outros estrabismos especificados","H50.8 Outr estrabismos espec",NA,NA,NA
"J039",5,NA,NA,NA,"Amigdalite aguda não especificada","J03.9 Amigdalite aguda NE",NA,NA,NA
"J352",5,NA,NA,"N","Hipertrofia das adenóides","J35.2 Hipertrofia das adenoides",NA,NA,NA
"L020",5,NA,NA,NA,"Abscesso cutâneo, furúnculo e antraz da face","L02.0 Abscesso cutaneo furunculo e antraz face",NA,NA,NA
"L989",5,NA,NA,"N","Afecções da pele e do tecido subcutâneo, não especificados","L98.9 Afeccoes da pele e do tec subcutaneo NE",NA,NA,NA
"N189",5,NA,NA,NA,"Insuficiência renal crônica não especificada","N18.9 Insuf renal cronica NE",NA,NA,NA
"P008",5,NA,NA,NA,"Feto e recém-nascido afetados por outras afecções maternas","P00.8 Fet rec-nasc afet outr afeccoes maternas",NA,NA,NA
"P072",5,NA,NA,NA,"Imaturidade extrema","P07.2 Imaturidade extrema",NA,NA,NA
"P240",5,NA,NA,NA,"Aspiração neonatal de mecônio","P24.0 Aspiracao neonatal de meconio",NA,NA,NA
"P285",5,NA,NA,NA,"Insuficiência respiratória do recém-nascido","P28.5 Insuf respirat do recem-nascido",NA,NA,NA
"Q211",5,NA,NA,NA,"Comunicação interatrial","Q21.1 Comunicacao interatrial",NA,NA,NA
"Q250",5,NA,NA,NA,"Permeabilidade do canal arterial","Q25.0 Permeabilidade do canal arterial",NA,NA,NA
"Q532",5,NA,"M",NA,"Testículo não-descido, bilateral","Q53.2 Testiculo nao-descido bilateral",NA,NA,NA
"S422",5,NA,NA,NA,"Fratura da extremidade superior do úmero","S42.2 Frat da extremidade super do umero",NA,NA,NA
"A080",4,NA,NA,NA,"Enterite por rotavírus","A08.0 Enterite p/rotavirus",NA,NA,NA
"B019",4,NA,NA,NA,"Varicela sem complicação","B01.9 Varicela s/complic",NA,NA,NA
"C749",4,NA,NA,NA,"Neoplasia maligna da glândula supra-renal, não especificada","C74.9 Gland supra-renal NE",NA,NA,NA
"D500",4,NA,NA,NA,"Anemia por deficiência de ferro secundária à perda de sangue (crônica)","D50.0 Anemia p/defic ferro secund perda de sangue",NA,NA,NA
"D649",4,NA,NA,NA,"Anemia não especificada","D64.9 Anemia NE",NA,NA,NA
"E86",4,NA,NA,NA,"Depleção de volume","E86   Deplecao de volume",NA,NA,NA
"G408",4,NA,NA,NA,"Outras epilepsias","G40.8 Outr epilepsias",NA,NA,NA
"H660",4,NA,NA,NA,"Otite média aguda supurativa","H66.0 Otite media aguda supurativa",NA,NA,NA
"H669",4,NA,NA,NA,"Otite média não especificada","H66.9 Otite media NE",NA,NA,NA
"J129",4,NA,NA,NA,"Pneumonia viral não especificada","J12.9 Pneumonia viral NE",NA,NA,NA
"J188",4,NA,NA,NA,"Outras pneumonias devidas a microorganismos não especificados","J18.8 Outr pneumonias dev microorg NE",NA,NA,NA
"K210",4,NA,NA,NA,"Doença de refluxo gastroesofágico com esofagite","K21.0 Doenc de refluxo gastroesofagico c/esofagite",NA,NA,NA
"K219",4,NA,NA,NA,"Doença de refluxo gastroesofágico sem esofagite","K21.9 Doenc de refluxo gastroesofagico s/esofagite",NA,NA,NA
"K914",4,NA,NA,NA,"Mau funcionamento de colostomia e enterostomia","K91.4 Mau funcionamento colostomia e enterostomia",NA,NA,NA
"L038",4,NA,NA,NA,"Celulite de outros locais","L03.8 Celulite de outr locais",NA,NA,NA
"P081",4,NA,NA,NA,"Outros recém-nascidos grandes para a idade gestacional","P08.1 Outr recem-nascidos grandes p/a idade gestac",NA,NA,NA
"P241",4,NA,NA,NA,"Aspiração neonatal de líquido amniótico e muco","P24.1 Aspiracao neonatal liquido amniotico e muco",NA,NA,NA
"P298",4,NA,NA,NA,"Outros transtornos cardiovasculares originados no período perinatal","P29.8 Outr transt cardiovasc orig periodo perinat",NA,NA,NA
"P920",4,NA,NA,NA,"Vômitos no recém-nascido","P92.0 Vomitos no recem-nascido",NA,NA,NA
"P928",4,NA,NA,NA,"Outros problemas de alimentação do recém-nascido","P92.8 Outr problemas de alimentacao recem-nascido",NA,NA,NA
"Q180",4,NA,NA,"N","Seio, fístula e cisto de origem branquial","Q18.0 Seio fistula e cisto orig branquial",NA,NA,NA
"Q289",4,NA,NA,NA,"Malformação congênita não especificada do aparelho circulatório","Q28.9 Malform congen NE do aparelho circulatorio",NA,NA,NA
"Q699",4,NA,NA,"N","Polidactilia não especificada","Q69.9 Polidactilia NE",NA,NA,NA
"S525",4,NA,NA,NA,"Fratura da extremidade distal do rádio","S52.5 Frat da extremidade distal do radio",NA,NA,NA
"A378",3,NA,NA,NA,"Coqueluche por outras espécies da Bordetella","A37.8 Coqueluche p/outr especies da Bordetella",NA,NA,NA
"A418",3,NA,NA,NA,"Outras septicemias especificadas","A41.8 Outr septicemias espec",NA,NA,NA
"A488",3,NA,NA,NA,"Outras doenças bacterianas especificadas","A48.8 Outr doenc bacter espec",NA,NA,NA
"A502",3,NA,NA,NA,"Sífilis congênita precoce não especificada","A50.2 Sifilis congen precoce NE",NA,NA,NA
"B002",3,NA,NA,"N","Gengivoestomatite e faringoamigdalite devida ao vírus do herpes","B00.2 Gengivoestom e faringoamig dev virus herpes",NA,NA,NA
"C692",3,NA,NA,NA,"Neoplasia maligna da retina","C69.2 Retina",NA,NA,NA
"D141",3,NA,NA,NA,"Neoplasia benigna da laringe","D14.1 Laringe",NA,NA,NA
"E840",3,NA,NA,NA,"Fibrose cística com manifestações pulmonares","E84.0 Fibrose cistica c/manifestacoes pulmonares",NA,NA,NA
"G589",3,NA,NA,NA,"Mononeuropatia não especificada","G58.9 Mononeuropatia NE",NA,NA,NA
"H409",3,NA,NA,"N","Glaucoma não especificado","H40.9 Glaucoma NE",NA,NA,NA
"H500",3,NA,NA,"N","Estrabismo convergente concomitante","H50.0 Estrabismo convergente concomitante",NA,NA,NA
"H709",3,NA,NA,NA,"Mastoidite não especificada","H70.9 Mastoidite NE",NA,NA,NA
"J110",3,NA,NA,NA,"Influenza [gripe] com pneumonia, devida a vírus não identificado","J11.0 Influenza c/pneumonia dev virus nao ident",NA,NA,NA
"J46",3,NA,NA,NA,"Estado de mal asmático","J46   Estado de mal asmatico",NA,NA,NA
"J853",3,NA,NA,NA,"Abscesso do mediastino","J85.3 Abscesso do mediastino",NA,NA,NA
"J955",3,NA,NA,NA,"Estenose subglótica pós-procedimento","J95.5 Estenose subglotica pos-proced",NA,NA,NA
"K30",3,NA,NA,NA,"Dispepsia","K30   Dispepsia",NA,NA,NA
"K621",3,NA,NA,NA,"Pólipo retal","K62.1 Polipo retal",NA,NA,NA
"K638",3,NA,NA,NA,"Outras doenças especificadas do intestino","K63.8 Outr doenc espec do intestino",NA,NA,NA
"K639",3,NA,NA,NA,"Doença do intestino, sem outra especificação","K63.9 Doenc do intestino SOE",NA,NA,NA
"L720",3,NA,NA,"N","Cisto epidérmico","L72.0 Cisto epidermico",NA,NA,NA
"L988",3,NA,NA,"N","Outras afecções especificadas da pele e do tecido subcutâneo","L98.8 Outr afeccoes espec pele e tec subcutaneo",NA,NA,NA
"M009",3,NA,NA,NA,"Artrite piogênica, não especificada","M00.9 Artrite piogenica NE",NA,NA,NA
"M653",3,NA,NA,"N","Dedo em gatilho","M65.3 Dedo em gatilho",NA,NA,NA
"N049",3,NA,NA,NA,"Síndrome nefrótica - não especificada","N04.9 NE",NA,NA,NA
"P070",3,NA,NA,NA,"Recém-nascido com peso muito baixo","P07.0 Recem-nascido c/peso muito baixo",NA,NA,NA
"P080",3,NA,NA,NA,"Recém-nascido de tamanho excessivamente grande","P08.0 Recem-nascido tamanho excessivamente grande",NA,NA,NA
"P210",3,NA,NA,NA,"Asfixia grave ao nascer","P21.0 Asfixia grave ao nascer",NA,NA,NA
"P398",3,NA,NA,NA,"Outras infecções especificadas próprias do período perinatal","P39.8 Outr infecc espec proprias periodo perinatal",NA,NA,NA
"Q038",3,NA,NA,NA,"Outra hidrocefalia congênita","Q03.8 Outr hidrocefalia congen",NA,NA,NA
"Q212",3,NA,NA,NA,"Comunicação atrioventricular","Q21.2 Comunicacao atrioventricular",NA,NA,NA
"Q220",3,NA,NA,NA,"Atresia da valva pulmonar","Q22.0 Atresia da valva pulmonar",NA,NA,NA
"Q540",3,NA,"M",NA,"Hipospádia balânica","Q54.0 Hipospadia balanica",NA,NA,NA
"Q660",3,NA,NA,"N","Pé torto eqüinovaro","Q66.0 Pe torto equinovaro",NA,NA,NA
"T181",3,NA,NA,NA,"Corpo estranho no esôfago","T18.1 Corpo estranho no esofago",NA,NA,NA
"T182",3,NA,NA,NA,"Corpo estranho no estômago","T18.2 Corpo estranho no estomago",NA,NA,NA
"T509",3,NA,NA,NA,"Intoxicação por outras drogas, medicamentos e substâncias biológicas e as não especificadas","T50.9 Outr drogas medicamentos subst biolog e NE",NA,NA,NA
"Z433",3,NA,NA,NA,"Cuidados à colostomia","Z43.3 Cuidados a colostomia",NA,NA,NA
"A490",2,NA,NA,NA,"Infecção estafilocócica de localização não especificada","A49.0 Infecc estafilococica localiz NE",NA,NA,NA
"A498",2,NA,NA,NA,"Outras infecções bacterianas de localização não especificada","A49.8 Outr infecc bacterianas localiz NE",NA,NA,NA
"A630",2,NA,NA,NA,"Verrugas anogenitais (venéreas)","A63.0 Verrugas anogenitais",NA,NA,NA
"B269",2,NA,NA,NA,"Caxumba [parotidite epidêmica] sem complicações","B26.9 Caxumba s/complic",NA,NA,NA
"C443",2,NA,NA,NA,"Neoplasia maligna da pele de outras partes e de partes não especificadas da face","C44.3 Pele de outr partes e de partes NE da face",NA,NA,NA
"C493",2,NA,NA,NA,"Neoplasia maligna do tecido conjuntivo e tecidos moles do tórax","C49.3 Tec conjuntivo e tec moles do torax",NA,NA,NA
"C64",2,NA,NA,NA,"Neoplasia maligna do rim, exceto pelve renal","C64   Neopl malig do rim exceto pelve renal",NA,NA,NA
"C760",2,NA,NA,NA,"Neoplasia maligna da cabeça, face e pescoço","C76.0 Cabeca face e pescoco",NA,NA,NA
"G112",2,NA,NA,NA,"Ataxia cerebelar de início tardio","G11.2 Ataxia cerebelar de inicio tard",NA,NA,NA
"H045",2,NA,NA,"N","Estenose e insuficiência dos canais lacrimais","H04.5 Estenose e insuf dos canais lacrimais",NA,NA,NA
"H408",2,NA,NA,"N","Outro glaucoma","H40.8 Outr glaucoma",NA,NA,NA
"H659",2,NA,NA,NA,"Otite média não-supurativa, não especificada","H65.9 Otite media nao-supurativa NE",NA,NA,NA
"I421",2,NA,NA,NA,"Cardiomiopatia obstrutiva hipertrófica","I42.1 Cardiomiopatia obstrutiva hipertrofica",NA,NA,NA
"I618",2,NA,NA,NA,"Outras hemorragias intracerebrais","I61.8 Outr hemorragias intracerebrais",NA,NA,NA
"I888",2,NA,NA,NA,"Outras linfadenites inespecíficas","I88.8 Outr linfadenites inespecificas",NA,NA,NA
"J151",2,NA,NA,NA,"Pneumonia devida a Pseudomonas","J15.1 Pneumonia dev Pseudomonas",NA,NA,NA
"J154",2,NA,NA,NA,"Pneumonia devida a outros estreptococos","J15.4 Pneumonia dev outr estreptococos",NA,NA,NA
"J181",2,NA,NA,NA,"Pneumonia lobar não especificada","J18.1 Pneumonia lobar NE",NA,NA,NA
"J40",2,NA,NA,NA,"Bronquite não especificada como aguda ou crônica","J40   Bronquite NE como aguda ou cronica",NA,NA,NA
"K078",2,NA,NA,"N","Outras anomalias dentofaciais","K07.8 Outr anomalias dentofaciais",NA,NA,NA
"K222",2,NA,NA,NA,"Obstrução do esôfago","K22.2 Obstrucao do esofago",NA,NA,NA
"K318",2,NA,NA,NA,"Outras doenças especificadas do estômago e do duodeno","K31.8 Outr doenc espec do estomago e do duodeno",NA,NA,NA
"K350",2,NA,NA,NA,"Apendicite aguda com peritonite generalizada","K35.0 Apendicite aguda c/peritonite generalizada",NA,NA,NA
"K351",2,NA,NA,NA,"Apendicite aguda com abscesso peritonial","K35.1 Apendicite aguda c/abscesso peritonial",NA,NA,NA
"K403",2,NA,NA,NA,"Hérnia inguinal unilateral ou não especificada, com obstrução sem gangrena","K40.3 Hernia inguinal unilat NE c/obstr s/gangrena",NA,NA,NA
"K458",2,NA,NA,NA,"Outras hérnias abdominais especificadas, sem obstrução ou gangrena","K45.8 Outr hernias abdom espec s/obstr ou gangrena",NA,NA,NA
"K564",2,NA,NA,NA,"Outras obstruções do intestino","K56.4 Outr obstrucoes do intestino",NA,NA,NA
"K565",2,NA,NA,NA,"Aderências intestinais (bridas) com obstrução","K56.5 Aderencias intestinais c/obstrucao",NA,NA,NA
"K598",2,NA,NA,NA,"Outros transtornos funcionais especificados do intestino","K59.8 Outr transt funcionais espec do intestino",NA,NA,NA
"K624",2,NA,NA,NA,"Estenose do ânus e do reto","K62.4 Estenose do anus e do reto",NA,NA,NA
"K802",2,NA,NA,NA,"Calculose da vesícula biliar sem colecistite","K80.2 Calculose da vesicula biliar s/colecistite",NA,NA,NA
"K808",2,NA,NA,NA,"Outras colelitíases","K80.8 Outr colelitiases",NA,NA,NA
"K921",2,NA,NA,NA,"Melena","K92.1 Melena",NA,NA,NA
"K928",2,NA,NA,NA,"Outras doenças especificadas do aparelho digestivo","K92.8 Outr doenc espec do aparelho digestivo",NA,NA,NA
"L080",2,NA,NA,"N","Piodermite","L08.0 Piodermite",NA,NA,NA
"L209",2,NA,NA,"N","Dermatite atópica, não especificada","L20.9 Dermatite atopica NE",NA,NA,NA
"L729",2,NA,NA,"N","Cisto folicular, não especificado da pele e do tecido subcutâneo","L72.9 Cisto folicular NE da pele e tec subcutaneo",NA,NA,NA
"L998",2,"*",NA,NA,"Outras afecções especificadas da pele e do tecido subcutâneo em doenças classificadas em outra parte","L99.8 Outr afecc espec pele tec subcut doenc COP",NA,NA,NA
"M673",2,NA,NA,"N","Sinovite transitória","M67.3 Sinovite transitoria",NA,NA,NA
"M840",2,NA,NA,NA,"Defeito de consolidação da fratura","M84.0 Defeito de consolidacao da frat",NA,NA,NA
"N110",2,NA,NA,NA,"Pielonefrite não-obstrutiva crônica associada a refluxo","N11.0 Pielonefrite nao-obstrut cron assoc refluxo",NA,NA,NA
"N288",2,NA,NA,NA,"Outros transtornos especificados do rim e do ureter","N28.8 Outr transt espec do rim e do ureter",NA,NA,NA
"N309",2,NA,NA,NA,"Cistite, não especificada","N30.9 Cistite NE",NA,NA,NA
"N358",2,NA,NA,NA,"Outra estenose (estreitamento) uretral","N35.8 Outr estenose uretral",NA,NA,NA
"P252",2,NA,NA,NA,"Pneumomediastino originado no período perinatal","P25.2 Pneumomediastino originado periodo perinatal",NA,NA,NA
"P282",2,NA,NA,NA,"Crises cianóticas do recém-nascido","P28.2 Crises cianoticas do recem-nascido",NA,NA,NA
"P288",2,NA,NA,NA,"Outras afecções respiratórias especificadas do recém-nascido","P28.8 Outr afeccoes respirat espec do recem-nasc",NA,NA,NA
"P360",2,NA,NA,NA,"Septicemia do recém-nascido devida a estreptococo do grupo B","P36.0 Septicemia rec-nasc dev estreptococo grupo B",NA,NA,NA
"P393",2,NA,NA,NA,"Infecção neonatal do trato urinário","P39.3 Infecc neonatal do trato urinario",NA,NA,NA
"Q000",2,NA,NA,NA,"Anencefalia","Q00.0 Anencefalia",NA,NA,NA
"Q039",2,NA,NA,NA,"Hidrocefalia congênita não especificada","Q03.9 Hidrocefalia congen NE",NA,NA,NA
"Q213",2,NA,NA,NA,"Tetralogia de Fallot","Q21.3 Tetralogia de Fallot",NA,NA,NA
"Q218",2,NA,NA,NA,"Outras malformações congênitas dos septos cardíacos","Q21.8 Outr malformacoes congen septos cardiacos",NA,NA,NA
"Q221",2,NA,NA,NA,"Estenose congênita da valva pulmonar","Q22.1 Estenose congen da valva pulmonar",NA,NA,NA
"Q400",2,NA,NA,NA,"Estenose hipertrófica congênita do piloro","Q40.0 Estenose hipertrofica congen do piloro",NA,NA,NA
"Q530",2,NA,"M",NA,"Testículo ectópico","Q53.0 Testiculo ectopico",NA,NA,NA
"Q641",2,NA,NA,NA,"Extrofia vesical","Q64.1 Extrofia vesical",NA,NA,NA
"Q688",2,NA,NA,"N","Outras deformidades osteomusculares congênitas","Q68.8 Outr deform osteomusculares congen",NA,NA,NA
"Q691",2,NA,NA,"N","Polegar(es) supranumerário(s)","Q69.1 Polegares supranumerarios",NA,NA,NA
"Q709",2,NA,NA,"N","Sindactilia não especificada","Q70.9 Sindactilia NE",NA,NA,NA
"Q750",2,NA,NA,NA,"Craniossinostose","Q75.0 Craniossinostose",NA,NA,NA
"Q825",2,NA,NA,"N","Nevo não-neoplásico congênito","Q82.5 Nevo nao-neoplasico congen",NA,NA,NA
"Q892",2,NA,NA,NA,"Malformações congênitas de outras glândulas endócrinas","Q89.2 Malformacoes congen de outr gland endocrinas",NA,NA,NA
"R02",2,NA,NA,NA,"Gangrena não classificada em outra parte","R02   Gangrena NCOP",NA,NA,NA
"R104",2,NA,NA,NA,"Outras dores abdominais e as não especificadas","R10.4 Outr dores abdominais e as NE",NA,NA,NA
"R11",2,NA,NA,NA,"Náusea e vômitos","R11   Nausea e vomitos",NA,NA,NA
"R55",2,NA,NA,NA,"Síncope e colapso","R55   Sincope e colapso",NA,NA,NA
"R568",2,NA,NA,NA,"Outras convulsões e as não especificadas","R56.8 Outr convulsoes e as NE",NA,NA,NA
"S011",2,NA,NA,NA,"Ferimento da pálpebra e da região periocular","S01.1 Ferim da palpebra e da regiao periocular",NA,NA,NA
"S099",2,NA,NA,NA,"Traumatismo não especificado da cabeça","S09.9 Traum NE da cabeca",NA,NA,NA
"S626",2,NA,NA,NA,"Fratura de outros dedos","S62.6 Frat de outr dedos",NA,NA,NA
"T189",2,NA,NA,NA,"Corpo estranho em parte não especificada do aparelho digestivo","T18.9 Corpo estranho em parte NE ap digestivo",NA,NA,NA
"T212",2,NA,NA,NA,"Queimadura de segundo grau do tronco","T21.2 Queim de 2.grau do tronco",NA,NA,NA
"T302",2,NA,NA,NA,"Queimadura de segundo grau, parte do corpo não especificada","T30.2 Queim de 2.grau parte do corpo NE",NA,NA,NA
"T492",2,NA,NA,NA,"Intoxicação por adstringentes e detergentes de uso local","T49.2 Adstringentes e detergentes de uso local",NA,NA,NA
"T659",2,NA,NA,NA,"Efeito tóxico de substância não especificada","T65.9 Subst NE",NA,NA,NA
"T850",2,NA,NA,NA,"Complicação mecânica de shunt ventricular (comunicação) intracraniano","T85.0 Complic mecanica shunt ventric intracraniano",NA,NA,NA
"Z470",2,NA,NA,NA,"Seguimento envolvendo remoção de placa de fratura e outros dispositivos de fixação interna","Z47.0 Seguim env rem placa frat outr disp fix int",NA,NA,NA
"Z930",2,NA,NA,NA,"Traqueostomia","Z93.0 Traqueostomia",NA,NA,NA
"A038",1,NA,NA,NA,"Outras shigueloses","A03.8 Outr shigueloses",NA,NA,NA
"A081",1,NA,NA,NA,"Gastroenteropatia aguda pelo agente de Norwalk","A08.1 Gastroenteropatia aguda p/agente de Norwalk",NA,NA,NA
"A319",1,NA,NA,NA,"Infecção micobacteriana não especificada","A31.9 Infecc micobacteriana NE",NA,NA,NA
"A38",1,NA,NA,NA,"Escarlatina","A38   Escarlatina",NA,NA,NA
"A390",1,"+",NA,NA,"Meningite meningocócica","A39.0 Meningite meningococica","G01*",NA,NA
"A413",1,NA,NA,NA,"Septicemia por Haemophilus influenzae","A41.3 Septicemia p/Haemophilus influenzae",NA,NA,NA
"A491",1,NA,NA,NA,"Infecção estreptocócica de localização não especificada","A49.1 Infecc estreptococica localiz NE",NA,NA,NA
"A507",1,NA,NA,NA,"Sífilis congênita tardia não especificada","A50.7 Sifilis congen tard NE",NA,NA,NA
"A689",1,NA,NA,NA,"Febre recorrente não especificada","A68.9 Febre recorrente NE",NA,NA,NA
"A858",1,NA,NA,NA,"Outras encefalites virais especificadas","A85.8 Outr encefalites virais espec",NA,NA,NA
"A878",1,NA,NA,NA,"Outras meningites virais","A87.8 Outr meningites virais",NA,NA,NA
"A89",1,NA,NA,NA,"Infecções virais não especificadas do sistema nervoso central","A89   Infecc virais NE do sist nervoso central",NA,NA,NA
"B004",1,"+",NA,NA,"Encefalite devida ao vírus do herpes","B00.4 Encefalite dev virus do herpes","G05.1*",NA,NA
"B028",1,NA,NA,NA,"Herpes zoster com outras complicações","B02.8 Herpes zoster c/outr complic",NA,NA,NA
"B029",1,NA,NA,NA,"Herpes zoster sem complicação","B02.9 Herpes zoster s/complic",NA,NA,NA
"B084",1,NA,NA,NA,"Estomatite vesicular devida a enterovírus com exantema","B08.4 Estomatite vesic dev enterovirus c/exantema",NA,NA,NA
"B09",1,NA,NA,NA,"Infecção viral não especificada caracterizada por lesões da pele e membranas mucosas","B09   Inf viral NE caract p/lesoes pele membr muco",NA,NA,NA
"B271",1,NA,NA,NA,"Mononucleose por citomegalovírus","B27.1 Mononucleose p/citomegalovirus",NA,NA,NA
"B278",1,NA,NA,NA,"Outras mononucleoses infecciosas","B27.8 Outr mononucleoses infecc",NA,NA,NA
"B279",1,NA,NA,NA,"Mononucleose infecciosa não especificada","B27.9 Mononucleose infecc NE",NA,NA,NA
"B348",1,NA,NA,NA,"Outras infecções por vírus de localização não especificada","B34.8 Outr infecc p/virus localiz NE",NA,NA,NA
"B349",1,NA,NA,NA,"Infecção viral não especificada","B34.9 Infecc viral NE",NA,NA,NA
"B770",1,NA,NA,NA,"Ascaridíase com complicações intestinais","B77.0 Ascaridiase c/complic intestinais",NA,NA,NA
"B957",1,NA,NA,NA,"Outros estafilococos como causa de doenças classificadas em outros capítulos","B95.7 Outr estafilococo causa doenc class outr cap",NA,NA,NA
"C182",1,NA,NA,NA,"Neoplasia maligna do cólon ascendente","C18.2 Colon ascendente",NA,NA,NA
"C222",1,NA,NA,NA,"Hepatoblastoma","C22.2 Hepatoblastoma",NA,NA,NA
"C839",1,NA,NA,NA,"Linfoma não-Hodgkin difuso, não especificado","C83.9 Linfoma nao-Hodgkin difuso NE",NA,NA,NA
"D031",1,NA,NA,NA,"Melanoma in situ da pálpebra, incluindo o canto","D03.1 Melanoma in situ da palpebra incl o canto",NA,NA,NA
"D181",1,NA,NA,NA,"Linfangioma de qualquer localização","D18.1 Linfangioma de qualquer localiz",NA,NA,NA
"D233",1,NA,NA,NA,"Neoplasia benigna da pele de outras partes e de partes não especificadas da face","D23.3 Pele de outr partes e de partes NE da face",NA,NA,NA
"D360",1,NA,NA,NA,"Neoplasia benigna dos gânglios linfáticos (linfonodos)","D36.0 Ganglios linfaticos",NA,NA,NA
"D376",1,NA,NA,NA,"Neoplasia de comportamento incerto ou desconhecido do fígado, vesícula biliar e vias biliares","D37.6 Figado vesicula biliar e vias biliares",NA,NA,NA
"D480",1,NA,NA,NA,"Neoplasia de comportamento incerto ou desconhecido dos ossos e cartilagens articulares","D48.0 Ossos e cartilagens articulares",NA,NA,NA
"D487",1,NA,NA,NA,"Neoplasia de comportamento incerto ou desconhecido de outras localizações especificadas","D48.7 Outr localiz espec",NA,NA,NA
"D509",1,NA,NA,NA,"Anemia por deficiência de ferro não especificada","D50.9 Anemia p/defic de ferro NE",NA,NA,NA
"D571",1,NA,NA,NA,"Anemia falciforme sem crise","D57.1 Anemia falciforme s/crise",NA,NA,NA
"D580",1,NA,NA,NA,"Esferocitose hereditária","D58.0 Esferocitose hereditaria",NA,NA,NA
"E101",1,NA,NA,NA,"Diabetes mellitus insulino-dependente - com cetoacidose","E10.1 C/cetoacidose",NA,NA,NA
"E162",1,NA,NA,NA,"Hipoglicemia não especificada","E16.2 Hipoglicemia NE",NA,NA,NA
"E279",1,NA,NA,NA,"Transtorno não especificado da supra-renal","E27.9 Transt NE da supra-renal",NA,NA,NA
"E43",1,NA,NA,NA,"Desnutrição protéico-calórica grave não especificada","E43   Desnutric proteico-calorica grave NE",NA,NA,NA
"E441",1,NA,NA,NA,"Desnutrição protéico-calórica leve","E44.1 Desnutric proteico-calorica leve",NA,NA,NA
"E46",1,NA,NA,NA,"Desnutrição protéico-calórica não especificada","E46   Desnutric proteico-calorica NE",NA,NA,NA
"E739",1,NA,NA,NA,"Intolerância à lactose, não especificada","E73.9 Intolerancia a lactose NE",NA,NA,NA
"E876",1,NA,NA,NA,"Hipopotassemia","E87.6 Hipopotassemia",NA,NA,NA
"E878",1,NA,NA,NA,"Outros transtornos do equilíbrio hidroeletrolítico não classificados em outra parte","E87.8 Outr transt equilibrio hidroeletrolit NCOP",NA,NA,NA
"E889",1,NA,NA,NA,"Distúrbio metabólico não especificado","E88.9 Disturbio metabolico NE",NA,NA,NA
"E90",1,"*",NA,NA,"Transtornos nutricionais e metabólicos em doenças classificadas em outra parte","E90   Transt nutricionais e metab em doenc COP",NA,NA,NA
"F130",1,NA,NA,NA,"Transtornos mentais e comportamentais devidos ao uso de sedativos e hipnóticos - intoxicação aguda","F13.0 Intox aguda",NA,NA,NA
"G048",1,NA,NA,NA,"Outras encefalites, mielites e encefalomielites","G04.8 Outr encefalites mielites e encefalomielites",NA,NA,NA
"G060",1,NA,NA,NA,"Abscesso e granuloma intracranianos","G06.0 Abscesso e granuloma intracranianos",NA,NA,NA
"G406",1,NA,NA,NA,"Crise de grande mal, não especificada (com ou sem pequeno mal)","G40.6 Crise de grande mal NE",NA,NA,NA
"G419",1,NA,NA,NA,"Estado de mal epiléptico, não especificado","G41.9 Estado de mal epileptico NE",NA,NA,NA
"G479",1,NA,NA,NA,"Distúrbio do sono, não especificado","G47.9 Disturbio do sono NE",NA,NA,NA
"G802",1,NA,NA,NA,"Paralisia cerebral hemiplégica espástica","G80.2 Paralisia cerebral hemiplégica espástica",NA,NA,NA
"G911",1,NA,NA,NA,"Hidrocefalia obstrutiva","G91.1 Hidrocefalia obstrutiva",NA,NA,NA
"G912",1,NA,NA,NA,"Hidrocefalia de pressão normal","G91.2 Hidrocefalia de pressao normal",NA,NA,NA
"G932",1,NA,NA,NA,"Hipertensão intracraniana benigna","G93.2 Hipertensao intracraniana benigna",NA,NA,NA
"G935",1,NA,NA,NA,"Compressão do encéfalo","G93.5 Compressao do encefalo",NA,NA,NA
"G98",1,NA,NA,NA,"Outros transtornos do sistema nervoso não classificados em outra parte","G98   Outr transt do sist nervoso NCOP",NA,NA,NA
"H025",1,NA,NA,"N","Outros transtornos que afetam a função da pálpebra","H02.5 Outr transt que afetam a funcao da palpebra",NA,NA,NA
"H046",1,NA,NA,"N","Outras alterações nos canais lacrimais","H04.6 Outr alteracoes nos canais lacrimais",NA,NA,NA
"H050",1,NA,NA,NA,"Inflamação aguda da órbita","H05.0 Inflam aguda da orbita",NA,NA,NA
"H158",1,NA,NA,"N","Outros transtornos da esclerótica","H15.8 Outr transt da esclerotica",NA,NA,NA
"H250",1,NA,NA,"N","Catarata senil incipiente","H25.0 Catarata senil incipiente",NA,NA,NA
"H260",1,NA,NA,"N","Catarata infantil, juvenil e pré-senil","H26.0 Catarata infantil juvenil e pre-senil",NA,NA,NA
"H445",1,NA,NA,NA,"Afecções degenerativas do globo ocular","H44.5 Afeccoes degenerativas do globo ocular",NA,NA,NA
"H502",1,NA,NA,"N","Estrabismo vertical","H50.2 Estrabismo vertical",NA,NA,NA
"H650",1,NA,NA,NA,"Otite média aguda serosa","H65.0 Otite media aguda serosa",NA,NA,NA
"H651",1,NA,NA,NA,"Outras otites médias agudas não-supurativas","H65.1 Outr otites medias agudas nao-supurativas",NA,NA,NA
"H839",1,NA,NA,"N","Transtorno não especificado do ouvido interno","H83.9 Transt NE do ouvido interno",NA,NA,NA
"I070",1,NA,NA,NA,"Estenose tricúspide","I07.0 Estenose tricuspide",NA,NA,NA
"I10",1,NA,NA,NA,"Hipertensão essencial (primária)","I10   Hipertensao essencial",NA,NA,NA
"I429",1,NA,NA,NA,"Cardiomiopatia não especificada","I42.9 Cardiomiopatia NE",NA,NA,NA
"I441",1,NA,NA,NA,"Bloqueio atrioventricular de segundo grau","I44.1 Bloqueio atrioventricular de 2.grau",NA,NA,NA
"I442",1,NA,NA,NA,"Bloqueio atrioventricular total","I44.2 Bloqueio atrioventricular total",NA,NA,NA
"I616",1,NA,NA,NA,"Hemorragia intracerebral de múltiplas localizações","I61.6 Hemorragia intracerebral de mult localiz",NA,NA,NA
"I64",1,NA,NA,NA,"Acidente vascular cerebral, não especificado como hemorrágico ou isquêmico","I64   Acid vasc cerebr NE como hemorrag isquemico",NA,NA,NA
"I809",1,NA,NA,NA,"Flebite e tromboflebite de localização não especificada","I80.9 Flebite e tromboflebite de localiz NE",NA,NA,NA
"I889",1,NA,NA,NA,"Linfadenite não especificada","I88.9 Linfadenite NE",NA,NA,NA
"J042",1,NA,NA,NA,"Laringotraqueíte aguda","J04.2 Laringotraqueite aguda",NA,NA,NA
"J152",1,NA,NA,NA,"Pneumonia devida a Staphylococcus","J15.2 Pneumonia dev Staphylococcus",NA,NA,NA
"J156",1,NA,NA,NA,"Pneumonia devida a outras bactérias aeróbicas gram-negativas","J15.6 Pneumonia dev outr bact aerobicas gram-neg",NA,NA,NA
"J158",1,NA,NA,NA,"Outras pneumonias bacterianas","J15.8 Outr pneumonias bacter",NA,NA,NA
"J209",1,NA,NA,NA,"Bronquite aguda não especificada","J20.9 Bronquite aguda NE",NA,NA,NA
"J351",1,NA,NA,"N","Hipertrofia das amígdalas","J35.1 Hipertrofia das amigdalas",NA,NA,NA
"J381",1,NA,NA,NA,"Pólipo das cordas vocais e da laringe","J38.1 Polipo das cordas vocais e da laringe",NA,NA,NA
"J450",1,NA,NA,NA,"Asma predominantemente alérgica","J45.0 Asma predom alergica",NA,NA,NA
"J47",1,NA,NA,NA,"Bronquectasia","J47   Bronquectasia",NA,NA,NA
"J680",1,NA,NA,NA,"Bronquite e pneumonite devida a produtos químicos, gases, fumaças e vapores","J68.0 Bronquit pneumon dev prod quim gas fumac vap",NA,NA,NA
"J80",1,NA,NA,NA,"Síndrome do desconforto respiratório do adulto","J80   Sindr do desconforto respirat do adulto",NA,NA,NA
"J81",1,NA,NA,NA,"Edema pulmonar, não especificado de outra forma","J81   Edema pulmonar NE de outr form",NA,NA,NA
"J938",1,NA,NA,NA,"Outros tipos de pneumotórax, especificados","J93.8 Outr tipos de pneumotorax espec",NA,NA,NA
"J958",1,NA,NA,NA,"Outros transtornos respiratórios pós-procedimentos","J95.8 Outr transt respirat pos-proced",NA,NA,NA
"K099",1,NA,NA,"N","Cistos da região oral, sem outras especificações","K09.9 Cistos da regiao oral SOE",NA,NA,NA
"K20",1,NA,NA,NA,"Esofagite","K20   Esofagite",NA,NA,NA
"K228",1,NA,NA,NA,"Outras doenças especificadas do esôfago","K22.8 Outr doenc espec do esofago",NA,NA,NA
"K229",1,NA,NA,NA,"Doença do esôfago, sem outra especificação","K22.9 Doenc do esofago SOE",NA,NA,NA
"K297",1,NA,NA,NA,"Gastrite não especificada","K29.7 Gastrite NE",NA,NA,NA
"K401",1,NA,NA,NA,"Hérnia inguinal bilateral, com gangrena","K40.1 Hernia inguinal bilateral c/gangrena",NA,NA,NA
"K412",1,NA,NA,NA,"Hérnia femoral bilateral, sem obstrução ou gangrena","K41.2 Hernia femoral bilateral s/obstr ou gangrena",NA,NA,NA
"K420",1,NA,NA,NA,"Hérnia umbilical com obstrução, sem gangrena","K42.0 Hernia umbilical c/obstrucao s/gangrena",NA,NA,NA
"K449",1,NA,NA,NA,"Hérnia diafragmática sem obstrução ou gangrena","K44.9 Hernia diafragmatica s/obstrucao ou gangrena",NA,NA,NA
"K519",1,NA,NA,NA,"Colite ulcerativa, sem outra especificação","K51.9 Colite ulcerativa SOE",NA,NA,NA
"K562",1,NA,NA,NA,"Volvo","K56.2 Volvo",NA,NA,NA
"K566",1,NA,NA,NA,"Outras formas de obstrução intestinal, e as não especificadas","K56.6 Outr form de obstrucao intestinal e as NE",NA,NA,NA
"K590",1,NA,NA,NA,"Constipação","K59.0 Constipacao",NA,NA,NA
"K591",1,NA,NA,NA,"Diarréia funcional","K59.1 Diarreia funcional",NA,NA,NA
"K600",1,NA,NA,NA,"Fissura anal aguda","K60.0 Fissura anal aguda",NA,NA,NA
"K601",1,NA,NA,NA,"Fissura anal crônica","K60.1 Fissura anal cronica",NA,NA,NA
"K603",1,NA,NA,NA,"Fístula anal","K60.3 Fistula anal",NA,NA,NA
"K610",1,NA,NA,NA,"Abscesso anal","K61.0 Abscesso anal",NA,NA,NA
"K612",1,NA,NA,NA,"Abscesso anorretal","K61.2 Abscesso anorretal",NA,NA,NA
"K629",1,NA,NA,NA,"Doença do ânus e do reto, sem outra especificação","K62.9 Doenc do anus e do reto SOE",NA,NA,NA
"K631",1,NA,NA,NA,"Perfuração do intestino (não-traumática)","K63.1 Perfuracao do intestino",NA,NA,NA
"K632",1,NA,NA,NA,"Fístula do intestino","K63.2 Fistula do intestino",NA,NA,NA
"K635",1,NA,NA,NA,"Pólipo do cólon","K63.5 Polipo do colon",NA,NA,NA
"K720",1,NA,NA,NA,"Insuficiência hepática aguda e subaguda","K72.0 Insuf hepatica aguda e subaguda",NA,NA,NA
"K729",1,NA,NA,NA,"Insuficiência hepática, sem outras especificações","K72.9 Insuf hepatica SOE",NA,NA,NA
"K811",1,NA,NA,NA,"Colecistite crônica","K81.1 Colecistite cronica",NA,NA,NA
"K918",1,NA,NA,NA,"Outros transtornos do aparelho digestivo, pós-cirúrgicos, não classificados em outra parte","K91.8 Outr transt aparelho digest pos-cirurg NCOP",NA,NA,NA
"K919",1,NA,NA,NA,"Transtorno do aparelho digestivo pós procedimento","K91.9 Transt do aparelho digestivo pos proced",NA,NA,NA
"K938",1,"*",NA,NA,"Transtornos de outros órgãos digestivos especificados em doenças classificadas em outra parte","K93.8 Transt outr org digestivos espec doenc COP",NA,NA,NA
"L023",1,NA,NA,NA,"Abscesso cutâneo, furúnculo e antraz da nádega","L02.3 Abscesso cutaneo furunculo e antraz nadega",NA,NA,NA
"L024",1,NA,NA,NA,"Abscesso cutâneo, furúnculo e antraz do(s) membro(s)","L02.4 Abscesso cutaneo furunculo e antraz membros",NA,NA,NA
"L039",1,NA,NA,NA,"Celulite não especificada","L03.9 Celulite NE",NA,NA,NA
"L049",1,NA,NA,"N","Linfadenite aguda de localização não especificada","L04.9 Linfadenite aguda de localiz NE",NA,NA,NA
"L059",1,NA,NA,"N","Cisto pilonidal sem abscesso","L05.9 Cisto pilonidal s/abscesso",NA,NA,NA
"L259",1,NA,NA,"N","Dermatite de contato não especificada, de causa não especificada","L25.9 Dermatite de contato NE de causa NE",NA,NA,NA
"L509",1,NA,NA,NA,"Urticária não especificada","L50.9 Urticaria NE",NA,NA,NA
"L910",1,NA,NA,"N","Cicatriz quelóide","L91.0 Cicatriz queloide",NA,NA,NA
"L958",1,NA,NA,NA,"Outras vasculites limitadas a pele","L95.8 Outr vasculites limitadas a pele",NA,NA,NA
"L959",1,NA,NA,NA,"Vasculites limitadas a pele, não especificadas","L95.9 Vasculites limitadas a pele NE",NA,NA,NA
"M064",1,NA,NA,NA,"Poliartropatia inflamatória","M06.4 Poliartropatia inflam",NA,NA,NA
"M073",1,"*",NA,NA,"Outras artropatias psoriásicas","M07.3 Outr artropatias psoriasicas","L40.5+",NA,NA
"M138",1,NA,NA,NA,"Outras artrites especificadas","M13.8 Outr artrites espec",NA,NA,NA
"M200",1,NA,NA,"N","Deformidade(s) do(s) dedo(s) das mãos","M20.0 Deform de dedos das maos",NA,NA,NA
"M205",1,NA,NA,"N","Outras deformidades (adquiridas) do(s) dedo(s) dos pés","M20.5 Outr deform de dedos dos pes",NA,NA,NA
"M303",1,NA,NA,NA,"Síndrome de linfonodos mucocutâneos [Kawasaki]","M30.3 Sindr de linfonodos mucocutaneos",NA,NA,NA
"M541",1,NA,NA,"N","Radiculopatia","M54.1 Radiculopatia",NA,NA,NA
"M628",1,NA,NA,NA,"Outros transtornos musculares especificados","M62.8 Outr transt musculares espec",NA,NA,NA
"M659",1,NA,NA,"N","Sinovite e tenossinovite não especificadas","M65.9 Sinovite e tenossinovite NE",NA,NA,NA
"M671",1,NA,NA,"N","Outra contratura de tendão (bainha)","M67.1 Outr contratura de tendao",NA,NA,NA
"M902",1,"*",NA,NA,"Osteopatia em outras doenças infecciosas classificadas em outra parte","M90.2 Osteopatia em outr doenc infecc COP",NA,NA,NA
"M911",1,NA,NA,NA,"Osteocondrose juvenil da cabeça do fêmur [Legg-Calvé-Perthes]","M91.1 Osteocondrose juvenil da cabeca do femur",NA,NA,NA
"M959",1,NA,NA,"N","Deformidade adquirida do sistema osteomuscular não especificada","M95.9 Deform adquir do sist osteomuscular NE",NA,NA,NA
"M968",1,NA,NA,NA,"Outros transtornos osteomusculares pós-procedimentos","M96.8 Outr transt osteomusculares pos-proced",NA,NA,NA
"N002",1,NA,NA,NA,"Síndrome nefrítica aguda - glomerulonefrite membranosa difusa","N00.2 Glomerulonefrite membranosa difusa",NA,NA,NA
"N130",1,NA,NA,NA,"Hidronefrose com obstrução da junção uretero-pélvica","N13.0 Hidronefrose c/obstr juncao uretero-pelvica",NA,NA,NA
"N137",1,NA,NA,NA,"Uropatia associada a refluxo vésico-ureteral","N13.7 Uropatia assoc a refluxo vesico-ureteral",NA,NA,NA
"N300",1,NA,NA,NA,"Cistite aguda","N30.0 Cistite aguda",NA,NA,NA
"N350",1,NA,NA,NA,"Estenose uretral pós-traumática","N35.0 Estenose uretral pos-traum",NA,NA,NA
"N351",1,NA,NA,NA,"Estenose uretral pós-infecciosa não classificada em outra parte","N35.1 Estenose uretral pos-infecc NCOP",NA,NA,NA
"N360",1,NA,NA,NA,"Fístula uretral","N36.0 Fistula uretral",NA,NA,NA
"N368",1,NA,NA,NA,"Outros transtornos especificados da uretra","N36.8 Outr transt espec da uretra",NA,NA,NA
"N432",1,NA,"M",NA,"Outra hidrocele","N43.2 Outr hidrocele",NA,NA,NA
"N489",1,NA,"M",NA,"Transtorno não especificado do pênis","N48.9 Transt NE do penis",NA,NA,NA
"N509",1,NA,"M",NA,"Transtorno não especificado dos órgãos genitais masculinos","N50.9 Transt NE dos orgaos genitais masc",NA,NA,NA
"N778",1,"*","F",NA,"Ulceração e inflamação vulvovaginais em outras doenças classificadas em outra parte","N77.8 Ulceracao inflam vulvovag outr doenc COP",NA,NA,NA
"P059",1,NA,NA,NA,"Retardo não especificado do crescimento fetal","P05.9 Retardo NE do crescimento fetal",NA,NA,NA
"P120",1,NA,NA,NA,"Céfalo-hematoma devido a traumatismo de parto","P12.0 Cefalo-hematoma dev traum de parto",NA,NA,NA
"P130",1,NA,NA,NA,"Fratura de crânio devida a traumatismo de parto","P13.0 Frat de cranio dev traum de parto",NA,NA,NA
"P134",1,NA,NA,NA,"Fratura da clavícula devida a traumatismo de parto","P13.4 Frat da clavicula dev traum de parto",NA,NA,NA
"P211",1,NA,NA,NA,"Asfixia leve ou moderada ao nascer","P21.1 Asfixia leve ou moderada ao nascer",NA,NA,NA
"P239",1,NA,NA,NA,"Pneumonia congênita não especificada","P23.9 Pneumonia congen NE",NA,NA,NA
"P248",1,NA,NA,NA,"Outras síndromes de aspiração neonatais","P24.8 Outr sindr de aspiracao neonatais",NA,NA,NA
"P249",1,NA,NA,NA,"Síndrome de aspiração neonatal não especificada","P24.9 Sindr de aspiracao neonatal NE",NA,NA,NA
"P290",1,NA,NA,NA,"Insuficiência cardíaca neonatal","P29.0 Insuf cardiaca neonatal",NA,NA,NA
"P358",1,NA,NA,NA,"Outras doenças virais congênitas","P35.8 Outr doenc virais congen",NA,NA,NA
"P365",1,NA,NA,NA,"Septicemia do recém-nascido devida a anaeróbios","P36.5 Septicemia do recem-nascido dev anaerobios",NA,NA,NA
"P371",1,NA,NA,NA,"Toxoplasmose congênita","P37.1 Toxoplasmose congen",NA,NA,NA
"P378",1,NA,NA,NA,"Outras doenças infecciosas e parasitárias congênitas especificadas","P37.8 Outr doenc infecc e parasit congen espec",NA,NA,NA
"P394",1,NA,NA,NA,"Infecção neonatal da pele","P39.4 Infecc neonatal da pele",NA,NA,NA
"P508",1,NA,NA,NA,"Outras perdas sangüíneas fetais","P50.8 Outr perdas sanguineas fetais",NA,NA,NA
"P522",1,NA,NA,NA,"Hemorragia intraventricular (não-traumática) grau 3, do feto e do recém-nascido","P52.2 Hemorragia intraventr grau 3 feto rec-nasc",NA,NA,NA
"P543",1,NA,NA,NA,"Outras hemorragias gastrointestinais do período neonatal","P54.3 Outr hemorrag gastrointest periodo neonatal",NA,NA,NA
"P551",1,NA,NA,NA,"Isoimunização ABO do feto e do recém-nascido","P55.1 Isoimunizacao ABO do feto e do recem-nascido",NA,NA,NA
"P589",1,NA,NA,NA,"Icterícia neonatal devida a hemólise excessiva não especificada","P58.9 Ictericia neonatal dev hemolise excessiva NE",NA,NA,NA
"P590",1,NA,NA,NA,"Icterícia neonatal associada ao parto prematuro","P59.0 Ictericia neonatal assoc ao parto prematuro",NA,NA,NA
"P598",1,NA,NA,NA,"Icterícia neonatal devida a outras causas especificadas","P59.8 Ictericia neonatal dev outr causas espec",NA,NA,NA
"P611",1,NA,NA,NA,"Policitemia neonatal","P61.1 Policitemia neonatal",NA,NA,NA
"P614",1,NA,NA,NA,"Outras anemias congênitas não classificada em outra parte","P61.4 Outr anemias congen NCOP",NA,NA,NA
"P619",1,NA,NA,NA,"Transtorno hematológico perinatal não especificado","P61.9 Transt hematologico perinatal NE",NA,NA,NA
"P701",1,NA,NA,NA,"Síndrome do filho de mãe diabética","P70.1 Sindr do filho de mae diabetica",NA,NA,NA
"P741",1,NA,NA,NA,"Desidratação do recém-nascido","P74.1 Desidratacao do recem-nascido",NA,NA,NA
"P819",1,NA,NA,NA,"Distúrbio não especificado da regulação térmica do recém-nascido","P81.9 Disturbio NE regulacao termica recem-nascido",NA,NA,NA
"P835",1,NA,NA,NA,"Hidrocele congênita","P83.5 Hidrocele congen",NA,NA,NA
"P90",1,NA,NA,NA,"Convulsões do recém-nascido","P90   Convulsoes do recem-nascido",NA,NA,NA
"P922",1,NA,NA,NA,"Alimentação vagarosa do recém-nascido","P92.2 Alimentacao vagarosa do recem-nascido",NA,NA,NA
"Q012",1,NA,NA,NA,"Encefalocele occipital","Q01.2 Encefalocele occipital",NA,NA,NA
"Q052",1,NA,NA,NA,"Espinha bífida lombar com hidrocefalia","Q05.2 Espinha bifida lombar c/hidrocefalia",NA,NA,NA
"Q053",1,NA,NA,NA,"Espinha bífida sacra com hidrocefalia","Q05.3 Espinha bifida sacra c/hidrocefalia",NA,NA,NA
"Q057",1,NA,NA,NA,"Espinha bífida lombar, sem hidrocefalia","Q05.7 Espinha bifida lombar s/hidrocefalia",NA,NA,NA
"Q058",1,NA,NA,NA,"Espinha bífida sacra, sem hidrocefalia","Q05.8 Espinha bifida sacra s/hidrocefalia",NA,NA,NA
"Q133",1,NA,NA,"N","Opacidade congênita da córnea","Q13.3 Opacidade congen da cornea",NA,NA,NA
"Q200",1,NA,NA,NA,"Tronco arterial comum","Q20.0 Tronco arterial comum",NA,NA,NA
"Q201",1,NA,NA,NA,"Ventrículo direito com dupla via de saída","Q20.1 Ventriculo direito c/dupla via de saida",NA,NA,NA
"Q208",1,NA,NA,NA,"Outras malformações congênitas das câmaras e das comunicações cardíacas","Q20.8 Outr malform congen camaras e comunic card",NA,NA,NA
"Q228",1,NA,NA,NA,"Outras malformações congênitas da valva tricúspide","Q22.8 Outr malformacoes congen da valva tricuspide",NA,NA,NA
"Q231",1,NA,NA,NA,"Insuficiência congênita da valva aórtica","Q23.1 Insuf congen da valva aortica",NA,NA,NA
"Q234",1,NA,NA,NA,"Síndrome do coração esquerdo hipoplásico","Q23.4 Sindr do coracao esquerdo hipoplasico",NA,NA,NA
"Q245",1,NA,NA,NA,"Malformações dos vasos coronários","Q24.5 Malformacoes dos vasos coronarios",NA,NA,NA
"Q249",1,NA,NA,NA,"Malformação não especificada do coração","Q24.9 Malformacao NE do coracao",NA,NA,NA
"Q251",1,NA,NA,NA,"Coartação da aorta","Q25.1 Coartacao da aorta",NA,NA,NA
"Q255",1,NA,NA,NA,"Atresia da artéria pulmonar","Q25.5 Atresia da arteria pulmonar",NA,NA,NA
"Q256",1,NA,NA,NA,"Estenose da artéria pulmonar","Q25.6 Estenose da arteria pulmonar",NA,NA,NA
"Q257",1,NA,NA,NA,"Outras malformações congênitas da artéria pulmonar","Q25.7 Outr malformacoes congen da arteria pulmonar",NA,NA,NA
"Q332",1,NA,NA,NA,"Seqüestro pulmonar","Q33.2 Sequestro pulmonar",NA,NA,NA
"Q359",1,NA,NA,NA,"Fenda palatina não especificada","Q35.9 Fenda palatina NE",NA,NA,NA
"Q369",1,NA,NA,NA,"Fenda labial unilateral","Q36.9 Fenda labial unilateral",NA,NA,NA
"Q371",1,NA,NA,NA,"Fenda do palato duro com fenda labial unilateral","Q37.1 Fenda palato duro c/fenda labial unilateral",NA,NA,NA
"Q374",1,NA,NA,NA,"Fenda dos palatos duro e mole com fenda labial bilateral","Q37.4 Fenda palatos duro mole c/fenda labial bilat",NA,NA,NA
"Q393",1,NA,NA,NA,"Estenose congênita e estreitamento congênito do esôfago","Q39.3 Estenose congen e estreit congen esofago",NA,NA,NA
"Q420",1,NA,NA,NA,"Ausência, atresia e estenose congênita do reto, com fístula","Q42.0 Ausencia atresia estenose congen reto c/fist",NA,NA,NA
"Q423",1,NA,NA,NA,"Ausência, atresia e estenose congênita do ânus, sem fístula","Q42.3 Ausencia atresia estenose congen anus s/fist",NA,NA,NA
"Q541",1,NA,"M",NA,"Hipospádia peniana","Q54.1 Hipospadia peniana",NA,NA,NA
"Q542",1,NA,"M",NA,"Hipospádia penoscrotal","Q54.2 Hipospadia penoscrotal",NA,NA,NA
"Q621",1,NA,NA,NA,"Atresia e estenose do ureter","Q62.1 Atresia e estenose do ureter",NA,NA,NA
"Q647",1,NA,NA,NA,"Outras malformações congênitas da bexiga e da uretra","Q64.7 Outr malformacoes congen da bexiga e uretra",NA,NA,NA
"Q652",1,NA,NA,"N","Luxação congênita não especificada do quadril","Q65.2 Luxacao congen NE do quadril",NA,NA,NA
"Q669",1,NA,NA,"N","Deformidade congênita não especificada do pé","Q66.9 Deform congen NE do pe",NA,NA,NA
"Q704",1,NA,NA,"N","Polissindactilia","Q70.4 Polissindactilia",NA,NA,NA
"Q748",1,NA,NA,"N","Outras malformações congênitas especificadas de membro(s)","Q74.8 Outr malformacoes congen espec de membros",NA,NA,NA
"Q780",1,NA,NA,NA,"Osteogênese imperfeita","Q78.0 Osteogenese imperfeita",NA,NA,NA
"Q790",1,NA,NA,NA,"Hérnia diafragmática congênita","Q79.0 Hernia diafragmatica congen",NA,NA,NA
"Q794",1,NA,NA,NA,"Síndrome do abdome em ameixa seca (""prune belly syndrome"")","Q79.4 Sindr do abdome em ameixa seca",NA,NA,NA
"Q913",1,NA,NA,NA,"Síndrome de Edwards não especificada","Q91.3 Sindr de Edwards NE",NA,NA,NA
"R008",1,NA,NA,NA,"Outras anormalidades e as não especificadas do batimento cardíaco","R00.8 Outr anormalidades e NE batimento cardiaco",NA,NA,NA
"R074",1,NA,NA,NA,"Dor torácica, não especificada","R07.4 Dor toracica NE",NA,NA,NA
"R100",1,NA,NA,NA,"Abdome agudo","R10.0 Abdome agudo",NA,NA,NA
"R13",1,NA,NA,NA,"Disfagia","R13   Disfagia",NA,NA,NA
"R230",1,NA,NA,NA,"Cianose","R23.0 Cianose",NA,NA,NA
"R31",1,NA,NA,NA,"Hematúria não especificada","R31   Hematuria NE",NA,NA,NA
"R560",1,NA,NA,NA,"Convulsões febris","R56.0 Convulsoes febris",NA,NA,NA
"R570",1,NA,NA,NA,"Choque cardiogênico","R57.0 Choque cardiogenico",NA,NA,NA
"R571",1,NA,NA,NA,"Choque hipovolêmico","R57.1 Choque hipovolemico",NA,NA,NA
"S017",1,NA,NA,NA,"Ferimentos múltiplos da cabeça","S01.7 Ferim mult da cabeca",NA,NA,NA
"S019",1,NA,NA,NA,"Ferimento na cabeça, parte não especificada","S01.9 Ferim na cabeca parte NE",NA,NA,NA
"S020",1,NA,NA,NA,"Fratura da abóbada do crânio","S02.0 Frat da abobada do cranio",NA,NA,NA
"S059",1,NA,NA,NA,"Traumatismo do olho e da órbita, não especificado","S05.9 Traum do olho e da orbita NE",NA,NA,NA
"S064",1,NA,NA,NA,"Hemorragia epidural","S06.4 Hemorragia epidural",NA,NA,NA
"S098",1,NA,NA,NA,"Outros traumatismos especificados da cabeça","S09.8 Outr traum espec da cabeca",NA,NA,NA
"S211",1,NA,NA,NA,"Ferimento da parede anterior do tórax","S21.1 Ferim da parede anterior do torax",NA,NA,NA
"S314",1,NA,"F",NA,"Ferimento da vagina e da vulva","S31.4 Ferim da vagina e da vulva",NA,NA,NA
"S328",1,NA,NA,NA,"Fratura de outras partes da coluna lombossacra e da pelve e de partes não especificadas","S32.8 Frat outr part coluna lombossacra pelve e NE",NA,NA,NA
"S364",1,NA,NA,NA,"Traumatismo do intestino delgado","S36.4 Traum do intestino delgado",NA,NA,NA
"S520",1,NA,NA,NA,"Fratura da extremidade superior do cúbito [ulna]","S52.0 Frat da extremidade super do cubito",NA,NA,NA
"S524",1,NA,NA,NA,"Fratura das diáfises do rádio e do cúbito [ulna]","S52.4 Frat das diafises do radio e do cubito",NA,NA,NA
"S526",1,NA,NA,NA,"Fratura da extremidade distal do rádio e do cúbito [ulna]","S52.6 Frat da extremidade distal do radio e cubito",NA,NA,NA
"S568",1,NA,NA,NA,"Traumatismo de outros músculos e tendões e dos não especificados ao nível do antebraço","S56.8 Traum outr musc tendoes e NE nivel antebraco",NA,NA,NA
"S623",1,NA,NA,NA,"Fratura de outros ossos do metacarpo","S62.3 Frat de outr ossos do metacarpo",NA,NA,NA
"S720",1,NA,NA,NA,"Fratura do colo do fêmur","S72.0 Frat do colo do femur",NA,NA,NA
"S728",1,NA,NA,NA,"Fraturas de outras partes do fêmur","S72.8 Frat de outr partes do femur",NA,NA,NA
"S729",1,NA,NA,NA,"Fratura do fêmur, parte não especificada","S72.9 Frat do femur parte NE",NA,NA,NA
"S730",1,NA,NA,NA,"Luxação da articulação do quadril","S73.0 Luxacao da articulacao do quadril",NA,NA,NA
"S818",1,NA,NA,NA,"Ferimento de outras partes da perna","S81.8 Ferim de outr partes da perna",NA,NA,NA
"S820",1,NA,NA,NA,"Fratura da rótula [patela]","S82.0 Frat da rotula",NA,NA,NA
"S822",1,NA,NA,NA,"Fratura da diáfise da tíbia","S82.2 Frat da diafise da tibia",NA,NA,NA
"T012",1,NA,NA,NA,"Ferimentos envolvendo regiões múltiplas do(s) membro(s) superior(es)","T01.2 Ferim envolv regioes mult de membros super",NA,NA,NA
"T068",1,NA,NA,NA,"Outros traumatismos especificados envolvendo regiões múltiplas do corpo","T06.8 Outr traum espec envolv regioes mult corpo",NA,NA,NA
"T16",1,NA,NA,NA,"Corpo estranho no ouvido","T16   Corpo estranho no ouvido",NA,NA,NA
"T173",1,NA,NA,NA,"Corpo estranho na laringe","T17.3 Corpo estranho na laringe",NA,NA,NA
"T174",1,NA,NA,NA,"Corpo estranho na traquéia","T17.4 Corpo estranho na traqueia",NA,NA,NA
"T180",1,NA,NA,NA,"Corpo estranho na boca","T18.0 Corpo estranho na boca",NA,NA,NA
"T202",1,NA,NA,NA,"Queimadura de segundo grau da cabeça e do pescoço","T20.2 Queim de 2.grau da cabeca e do pescoco",NA,NA,NA
"T210",1,NA,NA,NA,"Queimadura do tronco, grau não especificado","T21.0 Queim do tronco grau NE",NA,NA,NA
"T222",1,NA,NA,NA,"Queimadura de segundo grau do ombro e do membro superior, exceto punho e mão","T22.2 Queim 2.grau ombro membr sup exc punho e mao",NA,NA,NA
"T232",1,NA,NA,NA,"Queimadura de segundo grau do punho e da mão","T23.2 Queim de 2.grau do punho e da mao",NA,NA,NA
"T242",1,NA,NA,NA,"Queimadura de segundo grau do quadril e do membro inferior, exceto tornozelo e do pé","T24.2 Queim 2.grau quadr membr inf exc tornoz pe",NA,NA,NA
"T260",1,NA,NA,NA,"Queimadura da pálpebra e da região periocular","T26.0 Queim da palpebra e da regiao periocular",NA,NA,NA
"T293",1,NA,NA,NA,"Queimaduras múltiplas, mencionando ao menos uma queimadura de terceiro grau","T29.3 Queim mult menc ao menos uma queim de 3.grau",NA,NA,NA
"T424",1,NA,NA,NA,"Intoxicação por benzodiazepinas","T42.4 Benzodiazepinas",NA,NA,NA
"T439",1,NA,NA,NA,"Intoxicação por droga psicotrópica não especificada","T43.9 Droga psicotropica NE",NA,NA,NA
"T479",1,NA,NA,NA,"Intoxicação por substância não especificada que atua primariamente sobre o aparelho gastrointestinal","T47.9 Subst NE que atua prim s/ap gastrointestinal",NA,NA,NA
"T740",1,NA,NA,NA,"Abandono","T74.0 Abandono",NA,NA,NA
"T749",1,NA,NA,NA,"Síndrome não especificada de maus tratos","T74.9 Sindr NE de maus tratos",NA,NA,NA
"T782",1,NA,NA,NA,"Choque anafilático não especificado","T78.2 Choque anafilatico NE",NA,NA,NA
"T789",1,NA,NA,NA,"Efeito adverso não especificado","T78.9 Efeito adverso NE",NA,NA,NA
"T881",1,NA,NA,NA,"Outras complicações subseqüentes à imunização não classificadas em outra parte","T88.1 Outr complic subsequentes a imunizacao NCOP",NA,NA,NA
"T889",1,NA,NA,NA,"Complicação não especificada de cuidados médicos e cirúrgicos","T88.9 Complic NE de cuidados medicos e cirurgicos",NA,NA,NA
"T939",1,NA,NA,NA,"Seqüelas de traumatismo não especificado do membro inferior","T93.9 Sequelas de traum NE do membro infer",NA,NA,NA
"Z039",1,NA,NA,NA,"Observação por suspeita de doença ou afecção não especificada","Z03.9 Observacao p/suspeita de doenc ou afeccao NE",NA,NA,NA
"Z478",1,NA,NA,NA,"Outros seguimentos ortopédicos especificados","Z47.8 Outr seguimentos ortopedicos espec",NA,NA,NA
"Z527",1,NA,NA,NA,"Doador de coração","Z52.7 Doador de coracao",NA,NA,NA
"Z931",1,NA,NA,NA,"Gastrostomia","Z93.1 Gastrostomia",NA,NA,NA
